湯の山温泉（ゆのやま）,https://static.yukoyuko.net/images/onsen/onsen_0689_0001.jpg
志摩・浜島温泉郷（しま・はまじま）,https://static.yukoyuko.net/images/onsen/onsen_0034_0001.jpg
鳥羽答志島温泉（とばとうしじま）,https://static.yukoyuko.net/images/onsen/onsen_0100_0001.jpg
榊原温泉（さかきばら）,https://static.yukoyuko.net/images/onsen/onsen_0686_0001.jpg
伊勢志摩磯部わたかの温泉（いせしまいそべわたかの）,https://static.yukoyuko.net/images/onsen/onsen_0766_0001.jpg
鳥羽安楽島温泉（とばあらしま）,https://static.yukoyuko.net/images/onsen/onsen_1161_0001.jpg
磨洞温泉（まどう）,https://static.yukoyuko.net/images/onsen/onsen_0688_0001.jpg
志摩奥志摩温泉（しまおくしま）,https://static.yukoyuko.net/images/onsen/onsen_0794_0001.jpg
火の谷温泉（ひのたに）,https://static.yukoyuko.net/images/onsen/onsen_1152_0001.jpg
伊勢志摩賢島温泉（いせしまかしこじま）,https://static.yukoyuko.net/images/onsen/onsen_1238_0001.jpg
二見温泉（ふたみ）,https://static.yukoyuko.net/images/onsen/onsen_1280_0001.jpg
伊賀温泉（いが）,https://static.yukoyuko.net/images/onsen/onsen_1470_0001.jpg
志摩ともやま温泉（しまともやま）,https://static.yukoyuko.net/images/onsen/onsen_1505_0001.jpg
志摩磯部ひまわりの湯（しまいそべひまわりのゆ）,https://static.yukoyuko.net/images/onsen/onsen_1509_0001.jpg
熊野入鹿温泉（くまのいるか）,https://static.yukoyuko.net/images/onsen/onsen_1682_0001.jpg
神代温泉（じんだい）,https://static.yukoyuko.net/images/onsen/onsen_0129_0001.jpg
長島温泉（ながしま）,https://static.yukoyuko.net/images/onsen/onsen_0687_0001.jpg
猪の倉温泉（いのくら）,https://static.yukoyuko.net/images/onsen/onsen_1589_0001.jpg
伊賀青山朝妻温泉（あさつま）,https://static.yukoyuko.net/images/onsen/onsen_1633_0001.jpg
名張香落渓温泉（なばりこおちだに）,https://static.yukoyuko.net/images/onsen/onsen_1700_0001.jpg
