夕日ヶ浦温泉（ゆうひがうら）,https://static.yukoyuko.net/images/onsen/onsen_0822_0001.jpg
湯ノ花温泉（ゆのはな）,https://static.yukoyuko.net/images/onsen/onsen_0370_0001.jpg
宮津温泉（みやづ）,https://static.yukoyuko.net/images/onsen/onsen_0829_0001.jpg
天橋立温泉（あまのはしだて）,https://static.yukoyuko.net/images/onsen/onsen_0855_0001.jpg
丹後温泉（たんご）,https://static.yukoyuko.net/images/onsen/onsen_1008_0001.jpg
京都温泉（きょうと）,https://static.yukoyuko.net/images/onsen/onsen_1632_0001.jpg
浅茂川浦島温泉（あさもがわうらしま）,https://static.yukoyuko.net/images/onsen/onsen_0864_0001.jpg
湯らゆら温泉郷（ゆらゆら）,https://static.yukoyuko.net/images/onsen/onsen_0875_0001.jpg
るり渓温泉（るりけい）,https://static.yukoyuko.net/images/onsen/onsen_0891_0001.jpg
八丁浜小浜温泉（はっちょうはまこばま）,https://static.yukoyuko.net/images/onsen/onsen_1013_0001.jpg
嵐山温泉（あらしやま）,https://static.yukoyuko.net/images/onsen/onsen_1104_0001.jpg
京都竹の郷温泉（きょうとたけのさと）,https://static.yukoyuko.net/images/onsen/onsen_1120_0001.jpg
天橋立・成相観音温泉（あまのはしだて・なりあいかんのん）,https://static.yukoyuko.net/images/onsen/onsen_1127_0001.jpg
久美浜神の温泉（かんの）,https://static.yukoyuko.net/images/onsen/onsen_1180_0001.jpg
蒲井温泉（かまい）,https://static.yukoyuko.net/images/onsen/onsen_1325_0001.jpg
久美浜温泉（くみはま）,https://static.yukoyuko.net/images/onsen/onsen_1530_0001.jpg
小天橋温泉（しょうてんきょう）,https://static.yukoyuko.net/images/onsen/onsen_1576_0001.jpg
丹後木橋温泉（たんごきはし）,https://static.yukoyuko.net/images/onsen/onsen_1692_0001.jpg
綾部・福知山温泉（あやべふくちやま）,https://static.yukoyuko.net/images/onsen/onsen_1713_0001.jpg
嵐山嵯峨野温泉（あらしやまさがの）,https://static.yukoyuko.net/images/onsen/onsen_0015_0001.jpg
岩滝温泉（いわたき）,https://static.yukoyuko.net/images/onsen/onsen_0368_0001.jpg
木津温泉（きつ）,https://static.yukoyuko.net/images/onsen/onsen_0369_0001.jpg
久美浜シーサイド温泉（くみはましーさいど）,https://static.yukoyuko.net/images/onsen/onsen_0858_0001.jpg
大原温泉（おおはら）,https://static.yukoyuko.net/images/onsen/onsen_0947_0001.jpg
鞍馬温泉（くらま）,https://static.yukoyuko.net/images/onsen/onsen_1007_0001.jpg
橘の郷上野温泉（たちばなのさとうえの）,https://static.yukoyuko.net/images/onsen/onsen_1009_0001.jpg
小天橋温泉きららの湯（しょうてんきょうきららのゆ）,https://static.yukoyuko.net/images/onsen/onsen_1010_0001.jpg
二塚温泉（につか）,https://static.yukoyuko.net/images/onsen/onsen_1011_0001.jpg
久美の浜温泉郷（くみのはま）,https://static.yukoyuko.net/images/onsen/onsen_1012_0001.jpg
桃山温泉（ももやま）,https://static.yukoyuko.net/images/onsen/onsen_1015_0001.jpg
天橋立・宮津温泉ピント湯（あまのはしだて・みやづぴんとゆ）,https://static.yukoyuko.net/images/onsen/onsen_1128_0001.jpg
奥伊根温泉（おくいね）,https://static.yukoyuko.net/images/onsen/onsen_1179_0001.jpg
丹後はなれ湖温泉（たんごはなれこ）,https://static.yukoyuko.net/images/onsen/onsen_1214_0001.jpg
天然温泉まほろばの湯（てんねんまほろばのゆ）,https://static.yukoyuko.net/images/onsen/onsen_1245_0001.jpg
丹後松島温泉（たんごまつしま）,https://static.yukoyuko.net/images/onsen/onsen_1323_0001.jpg
離湖弁天温泉（はなれこべんてん）,https://static.yukoyuko.net/images/onsen/onsen_1472_0001.jpg
小野小町温泉（おののこまち）,https://static.yukoyuko.net/images/common/no-image.jpg
りょうぜん新温泉（りょうぜんしん）,https://static.yukoyuko.net/images/onsen/onsen_2096_0001.jpg
丹後琴引温泉（たんごことびき）,https://static.yukoyuko.net/images/onsen/onsen_2099_0001.jpg
北白川天然ラジウム温泉（きたしらかわてんねんらじうむ）,https://static.yukoyuko.net/images/onsen/onsen_2104_0001.jpg
笠置温泉（かさぎ）,https://static.yukoyuko.net/images/onsen/onsen_2105_0001.jpg
夢絃峡温泉（むげんきょう）,https://static.yukoyuko.net/images/onsen/onsen_2106_0001.jpg
宮津羽衣温泉（宮津の湯らゆら）（みやづはごろも）,https://static.yukoyuko.net/images/onsen/onsen_2109_0001.jpg
奥橋立伊根温泉（おくはしだていね）,https://static.yukoyuko.net/images/onsen/onsen_2112_0001.jpg
浜詰温泉（はまづめ）,https://static.yukoyuko.net/images/onsen/onsen_2115_0001.jpg
鴻の鶴温泉（丹後町間人温泉郷）（こうのつる（たんごちょうたいざ））,https://static.yukoyuko.net/images/onsen/onsen_2116_0001.jpg
ひよし温泉（ひよし）,https://static.yukoyuko.net/images/onsen/onsen_2118_0001.jpg
久美浜温泉（久美の浜温泉郷）（くみのはま（くみのはま））,https://static.yukoyuko.net/images/onsen/onsen_2121_0001.jpg
くらま温泉（くらま）,https://static.yukoyuko.net/images/onsen/onsen_2129_0001.jpg
神野温泉（久美の浜温泉郷）（じんの（くみのはま））,https://static.yukoyuko.net/images/onsen/onsen_2137_0001.jpg
丹後奥伊根温泉（たんごおくいね）,https://static.yukoyuko.net/images/onsen/onsen_2140_0001.jpg
