湯の川温泉（ゆのかわ）,https://static.yukoyuko.net/images/onsen/onsen_0683_0001.jpg
登別温泉（のぼりべつ）,https://static.yukoyuko.net/images/onsen/onsen_0675_0001.jpg
定山渓温泉（じょうざんけい）,https://static.yukoyuko.net/images/onsen/onsen_0661_0001.jpg
洞爺湖温泉（とうやこ）,https://static.yukoyuko.net/images/onsen/onsen_0667_0001.jpg
層雲峡温泉（そううんきょう）,https://static.yukoyuko.net/images/onsen/onsen_0663_0001.jpg
ウトロ温泉（うとろ）,https://static.yukoyuko.net/images/onsen/onsen_0787_0001.jpg
函館温泉（はこだて）,https://static.yukoyuko.net/images/onsen/onsen_1477_0001.jpg
朝里川温泉（あさりがわ）,https://static.yukoyuko.net/images/onsen/onsen_0645_0001.jpg
十勝川温泉（とかちがわ）,https://static.yukoyuko.net/images/onsen/onsen_0668_0001.jpg
北湯沢温泉（きたゆざわ）,https://static.yukoyuko.net/images/onsen/onsen_1075_0001.jpg
川湯温泉（かわゆ）,https://static.yukoyuko.net/images/onsen/onsen_0652_0001.jpg
阿寒湖温泉（あかんこ）,https://static.yukoyuko.net/images/onsen/onsen_1545_0001.jpg
網走湖畔温泉（あばしりこはん）,https://static.yukoyuko.net/images/onsen/onsen_0647_0001.jpg
ニセコ昆布温泉（こんぶ）,https://static.yukoyuko.net/images/onsen/onsen_0655_0001.jpg
白金温泉（しろがね）,https://static.yukoyuko.net/images/onsen/onsen_0662_0001.jpg
ニセコ温泉郷（にせこ）,https://static.yukoyuko.net/images/onsen/onsen_1074_0001.jpg
西大沼温泉（にしおおぬま）,https://static.yukoyuko.net/images/onsen/onsen_1282_0001.jpg
帯広温泉（おびひろ）,https://static.yukoyuko.net/images/onsen/onsen_1518_0001.jpg
富良野温泉（ふらの）,https://static.yukoyuko.net/images/onsen/onsen_1520_0001.jpg
虎杖浜温泉郷（こじょうはま）,https://static.yukoyuko.net/images/onsen/onsen_1666_0001.jpg
旭岳温泉（あさひだけ）,https://static.yukoyuko.net/images/onsen/onsen_0644_0001.jpg
芦別温泉（あしべつ）,https://static.yukoyuko.net/images/common/no-image.jpg
恵山温泉郷（えさん）,https://static.yukoyuko.net/images/common/no-image.jpg
温根湯温泉（おんねゆ）,https://static.yukoyuko.net/images/onsen/onsen_0650_0001.jpg
カルルス温泉（かるるす）,https://static.yukoyuko.net/images/onsen/onsen_0651_0001.jpg
盃温泉郷（さかずき）,https://static.yukoyuko.net/images/onsen/onsen_0656_0001.jpg
然別湖畔温泉（しかりべつこはん）,https://static.yukoyuko.net/images/onsen/onsen_0659_0001.jpg
支笏湖温泉（しこつこ）,https://static.yukoyuko.net/images/onsen/onsen_0660_0001.jpg
十勝岳温泉（とかちだけ）,https://static.yukoyuko.net/images/onsen/onsen_0669_0001.jpg
ニセコアンヌプリ温泉（にせこあんぬぷり）,https://static.yukoyuko.net/images/common/no-image.jpg
摩周温泉（ましゅう）,https://static.yukoyuko.net/images/onsen/onsen_0680_0001.jpg
丸駒温泉（まるこま）,https://static.yukoyuko.net/images/onsen/onsen_0681_0001.jpg
北広島温泉（きたひろしま）,https://static.yukoyuko.net/images/onsen/onsen_1279_0001.jpg
東神楽温泉（ひがしかぐら）,https://static.yukoyuko.net/images/onsen/onsen_1320_0001.jpg
美唄温泉（びばい）,https://static.yukoyuko.net/images/onsen/onsen_1322_0001.jpg
南幌温泉（なんぽろ）,https://static.yukoyuko.net/images/onsen/onsen_1329_0001.jpg
伏見温泉（ふしみ）,https://static.yukoyuko.net/images/onsen/onsen_1441_0001.jpg
妖精の泉温泉（ようせいのいずみ）,https://static.yukoyuko.net/images/onsen/onsen_1486_0001.jpg
幕別温泉（まくべつ）,https://static.yukoyuko.net/images/onsen/onsen_1500_0001.jpg
しほろ温泉（しほろ）,https://static.yukoyuko.net/images/onsen/onsen_1501_0001.jpg
ススキノ温泉（すすきの）,https://static.yukoyuko.net/images/onsen/onsen_1502_0001.jpg
湯元帯広温泉（ゆもとおびひろ）,https://static.yukoyuko.net/images/onsen/onsen_1504_0001.jpg
ニセコモイワ山温泉（にせこもいわやま）,https://static.yukoyuko.net/images/common/no-image.jpg
札幌大通温泉（さっぽろおおどおり）,https://static.yukoyuko.net/images/onsen/onsen_1514_0001.jpg
屈斜路温泉（くっしゃろ）,https://static.yukoyuko.net/images/onsen/onsen_1525_0001.jpg
新十津川温泉（しんとつかわ）,https://static.yukoyuko.net/images/onsen/onsen_1573_0001.jpg
紋別温泉（もんべつ）,https://static.yukoyuko.net/images/onsen/onsen_1587_0001.jpg
十勝幕別温泉（とかちまくべつ）,https://static.yukoyuko.net/images/onsen/onsen_1588_0001.jpg
富良野島の下温泉（ふらのしまのした）,https://static.yukoyuko.net/images/onsen/onsen_1656_0001.jpg
くったり温泉（くったり）,https://static.yukoyuko.net/images/onsen/onsen_1657_0001.jpg
帯広駅前温泉（おびひろえきまえ）,https://static.yukoyuko.net/images/onsen/onsen_1670_0001.jpg
大船上の湯温泉（おおふなかみのゆ）,https://static.yukoyuko.net/images/onsen/onsen_1695_0001.jpg
雄阿寒温泉（おあかん）,https://static.yukoyuko.net/images/onsen/onsen_1718_0001.jpg
ナウマン温泉（なうまん）,https://static.yukoyuko.net/images/onsen/onsen_1731_0001.jpg
剣淵温泉（けんぶち）,https://static.yukoyuko.net/images/onsen/onsen_1861_0001.jpg
五色温泉（北海道）（ごしき）,https://static.yukoyuko.net/images/onsen/onsen_1870_0001.jpg
昆布川温泉（こんぶがわ）,https://static.yukoyuko.net/images/onsen/onsen_1872_0001.jpg
ニセコ東山温泉（にせこひがしやま）,https://static.yukoyuko.net/images/onsen/onsen_1873_0001.jpg
塩別温泉（しおべつ）,https://static.yukoyuko.net/images/onsen/onsen_1979_0001.jpg
平磯温泉（ひらいそ）,https://static.yukoyuko.net/images/onsen/onsen_1982_0001.jpg
小樽運河の湯（おたるうんがのゆ）,https://static.yukoyuko.net/images/onsen/onsen_1997_0001.jpg
石狩太美温泉（いしかりふとみ）,https://static.yukoyuko.net/images/onsen/onsen_2010_0001.jpg
標津川温泉（しべつがわ）,https://static.yukoyuko.net/images/onsen/onsen_2048_0001.jpg
八雲温泉（北海道）（やくも）,https://static.yukoyuko.net/images/onsen/onsen_2050_0001.jpg
ルスツ温泉（るすつ）,https://static.yukoyuko.net/images/onsen/onsen_2066_0001.jpg
上の湯温泉郷（かみのゆ）,https://static.yukoyuko.net/images/onsen/onsen_2084_0001.jpg
俄虫温泉（がむし）,https://static.yukoyuko.net/images/onsen/onsen_2225_0001.jpg
しんのしつ温泉（しんのしつ）,https://static.yukoyuko.net/images/onsen/onsen_0056_0001.jpg
愛山渓温泉（あいざんけい）,https://static.yukoyuko.net/images/onsen/onsen_0641_0001.jpg
長万部温泉（おしゃまんべ）,https://static.yukoyuko.net/images/onsen/onsen_0649_0001.jpg
壮瞥温泉（そうべつ）,https://static.yukoyuko.net/images/onsen/onsen_0664_0001.jpg
大雪高原温泉（だいせつこうげん）,https://static.yukoyuko.net/images/onsen/onsen_0665_0001.jpg
トムラウシ温泉（とむらうし）,https://static.yukoyuko.net/images/onsen/onsen_0670_0001.jpg
東大沼温泉（ひがしおおぬま）,https://static.yukoyuko.net/images/onsen/onsen_0676_0001.jpg
比羅夫温泉（ひらふ）,https://static.yukoyuko.net/images/onsen/onsen_0678_0001.jpg
二股ラジウム温泉（ふたまたらじうむ）,https://static.yukoyuko.net/images/onsen/onsen_0679_0001.jpg
鹿部温泉（しかべ）,https://static.yukoyuko.net/images/onsen/onsen_0885_0001.jpg
小金湯温泉（こがねゆ）,https://static.yukoyuko.net/images/onsen/onsen_0971_0001.jpg
仁伏温泉（にぶし）,https://static.yukoyuko.net/images/onsen/onsen_1047_0001.jpg
養老牛温泉（ようろううし）,https://static.yukoyuko.net/images/onsen/onsen_1073_0001.jpg
旭川温泉（あさひかわ）,https://static.yukoyuko.net/images/onsen/onsen_1503_0001.jpg
キロロ温泉（きろろ）,https://static.yukoyuko.net/images/common/no-image.jpg
いわない温泉（いわない）,https://static.yukoyuko.net/images/onsen/onsen_1567_0001.jpg
清里温泉（きよさと）,https://static.yukoyuko.net/images/onsen/onsen_1578_0001.jpg
北見温泉（きたみ）,https://static.yukoyuko.net/images/onsen/onsen_1586_0001.jpg
本別温泉（ほんべつ）,https://static.yukoyuko.net/images/onsen/onsen_1677_0001.jpg
鶴居温泉（つるい）,https://static.yukoyuko.net/images/onsen/onsen_1759_0001.jpg
月形温泉（つきがた）,https://static.yukoyuko.net/images/onsen/onsen_1826_0001.jpg
岩尾別温泉（いわおべつ）,https://static.yukoyuko.net/images/onsen/onsen_1833_0001.jpg
湯の元温泉（ゆのもと）,https://static.yukoyuko.net/images/onsen/onsen_1840_0001.jpg
ぬかびら源泉郷（ぬかびらげんせんきょう）,https://static.yukoyuko.net/images/onsen/onsen_1847_0001.jpg
歌登温泉（うたのぼり）,https://static.yukoyuko.net/images/onsen/onsen_1862_0001.jpg
枝幸温泉（えさし）,https://static.yukoyuko.net/images/onsen/onsen_1863_0001.jpg
ニセコ駅前温泉（にせこえきまえ）,https://static.yukoyuko.net/images/onsen/onsen_1871_0001.jpg
ニセコ薬師温泉（にせこやくし）,https://static.yukoyuko.net/images/onsen/onsen_1874_0001.jpg
ニセコ湯本温泉（にせこゆもと）,https://static.yukoyuko.net/images/onsen/onsen_1875_0001.jpg
ニセコ黄金温泉（にせここがね）,https://static.yukoyuko.net/images/onsen/onsen_1876_0001.jpg
ニセコワイス高原温泉（にせこわいすこうげん）,https://static.yukoyuko.net/images/onsen/onsen_1877_0001.jpg
倶知安温泉（くっちゃん）,https://static.yukoyuko.net/images/onsen/onsen_1878_0001.jpg
ニセコ湯の里温泉（にせこゆのさと）,https://static.yukoyuko.net/images/onsen/onsen_1879_0001.jpg
利尻富士温泉（りしりふじ）,https://static.yukoyuko.net/images/onsen/onsen_2025_0001.jpg
美留和温泉（びるわ）,https://static.yukoyuko.net/images/onsen/onsen_2041_0001.jpg
然別峡菅野温泉（しかりべつきょうかんの）,https://static.yukoyuko.net/images/onsen/onsen_2398_0001.jpg
