由布院温泉（湯布院）（ゆふいん）,https://static.yukoyuko.net/images/onsen/onsen_0149_0001.jpg
別府温泉郷（べっぷ）,https://static.yukoyuko.net/images/onsen/onsen_1327_0001.jpg
湯平温泉（ゆのひら）,https://static.yukoyuko.net/images/onsen/onsen_0309_0001.jpg
鉄輪温泉（別府温泉郷）（かんなわ（べっぷ））,https://static.yukoyuko.net/images/onsen/onsen_0299_0001.jpg
筋湯温泉（すじゆ）,https://static.yukoyuko.net/images/onsen/onsen_0081_0001.jpg
天ヶ瀬温泉（あまがせ）,https://static.yukoyuko.net/images/onsen/onsen_0010_0001.jpg
日田温泉（ひた）,https://static.yukoyuko.net/images/onsen/onsen_0117_0001.jpg
日出温泉（ひじ）,https://static.yukoyuko.net/images/onsen/onsen_0948_0001.jpg
大分市内温泉（おおいたしない）,https://static.yukoyuko.net/images/onsen/onsen_1812_0001.jpg
宝泉寺温泉（ほうせんじ）,https://static.yukoyuko.net/images/onsen/onsen_0085_0001.jpg
観海寺温泉（別府温泉郷）（かんかいじ（べっぷ））,https://static.yukoyuko.net/images/onsen/onsen_0298_0001.jpg
長湯温泉（ながゆ）,https://static.yukoyuko.net/images/onsen/onsen_0304_0001.jpg
牧の戸温泉（まきのと）,https://static.yukoyuko.net/images/onsen/onsen_0305_0001.jpg
明礬温泉（別府温泉郷）（みょうばん（べっぷ））,https://static.yukoyuko.net/images/onsen/onsen_0306_0001.jpg
湯ノ釣温泉（ゆのつる）,https://static.yukoyuko.net/images/onsen/onsen_0308_0001.jpg
城島温泉（きじま）,https://static.yukoyuko.net/images/onsen/onsen_0809_0001.jpg
臼杵温泉（うすき）,https://static.yukoyuko.net/images/onsen/onsen_1233_0001.jpg
くにさき六郷温泉（くにさきろくごう）,https://static.yukoyuko.net/images/onsen/onsen_1495_0001.jpg
堀田温泉（別府温泉郷）（ほりた（べっぷ））,https://static.yukoyuko.net/images/onsen/onsen_1579_0001.jpg
久住温泉（くじゅう）,https://static.yukoyuko.net/images/onsen/onsen_1582_0001.jpg
九酔渓温泉（きゅうすいけい）,https://static.yukoyuko.net/images/onsen/onsen_1968_0001.jpg
寒の地獄温泉（かんのじごく）,https://static.yukoyuko.net/images/onsen/onsen_1969_0001.jpg
水分温泉（みずわき）,https://static.yukoyuko.net/images/onsen/onsen_2120_0001.jpg
九重温泉郷（くじゅう）,https://static.yukoyuko.net/images/onsen/onsen_0197_0001.jpg
筌ノ口温泉（うけのくち）,https://static.yukoyuko.net/images/onsen/onsen_0295_0001.jpg
壁湯温泉（かべゆ）,https://static.yukoyuko.net/images/onsen/onsen_0296_0001.jpg
亀川温泉（別府温泉郷）（かめがわ（べっぷ））,https://static.yukoyuko.net/images/onsen/onsen_0297_0001.jpg
玖珠温泉（くす）,https://static.yukoyuko.net/images/onsen/onsen_0300_0001.jpg
深耶馬温泉（しんやば）,https://static.yukoyuko.net/images/onsen/onsen_0302_0001.jpg
長者原温泉（ちょうじゃばる）,https://static.yukoyuko.net/images/onsen/onsen_0303_0001.jpg
守実温泉（もりざね）,https://static.yukoyuko.net/images/onsen/onsen_0307_0001.jpg
竜門温泉（りゅうもん）,https://static.yukoyuko.net/images/onsen/onsen_0310_0001.jpg
塚野鉱泉（つかのこうせん）,https://static.yukoyuko.net/images/onsen/onsen_1037_0001.jpg
赤川温泉（あかがわ）,https://static.yukoyuko.net/images/onsen/onsen_1038_0001.jpg
山香温泉（やまが）,https://static.yukoyuko.net/images/onsen/onsen_1337_0001.jpg
湯坪温泉（ゆつぼ）,https://static.yukoyuko.net/images/onsen/onsen_1338_0001.jpg
八面山金色温泉（はちめんざんかないろ）,https://static.yukoyuko.net/images/onsen/onsen_1653_0001.jpg
宇佐温泉（うさ）,https://static.yukoyuko.net/images/onsen/onsen_1660_0001.jpg
浜脇温泉（はまわき）,https://static.yukoyuko.net/images/onsen/onsen_1966_0001.jpg
柴石温泉（しばせき）,https://static.yukoyuko.net/images/onsen/onsen_1967_0001.jpg
川底温泉（かわぞこ）,https://static.yukoyuko.net/images/onsen/onsen_1970_0001.jpg
烏帽子岩温泉（えぼしいわ）,https://static.yukoyuko.net/images/onsen/onsen_1977_0001.jpg
赤根温泉（あかね）,https://static.yukoyuko.net/images/onsen/onsen_2100_0001.jpg
生竜温泉（いきりゅう）,https://static.yukoyuko.net/images/onsen/onsen_2101_0001.jpg
裏耶馬渓温泉（うらやばけい）,https://static.yukoyuko.net/images/onsen/onsen_2102_0001.jpg
大神温泉（おおがみ）,https://static.yukoyuko.net/images/onsen/onsen_2103_0001.jpg
佐伯温泉（さいき）,https://static.yukoyuko.net/images/onsen/onsen_2107_0001.jpg
七里田温泉（しちりだ）,https://static.yukoyuko.net/images/onsen/onsen_2108_0001.jpg
白丹温泉（しらに）,https://static.yukoyuko.net/images/onsen/onsen_2110_0001.jpg
白水鉱泉温泉（しらみずこうせん）,https://static.yukoyuko.net/images/onsen/onsen_2111_0001.jpg
塚原温泉（つかはら）,https://static.yukoyuko.net/images/onsen/onsen_2113_0001.jpg
西谷温泉（にしたに）,https://static.yukoyuko.net/images/onsen/onsen_2114_0001.jpg
法華院温泉（ほっけいん）,https://static.yukoyuko.net/images/onsen/onsen_2117_0001.jpg
真玉温泉（またま）,https://static.yukoyuko.net/images/onsen/onsen_2119_0001.jpg
六ケ迫鉱泉（鷺ヶ迫温泉）（ろっかさここうせん）,https://static.yukoyuko.net/images/onsen/onsen_2122_0001.jpg
