蔵王温泉（ざおう）,https://static.yukoyuko.net/images/onsen/onsen_0057_0001.jpg
天童温泉（てんどう）,https://static.yukoyuko.net/images/onsen/onsen_0093_0001.jpg
かみのやま温泉（かみのやま）,https://static.yukoyuko.net/images/onsen/onsen_0097_0001.jpg
湯野浜温泉（ゆのはま）,https://static.yukoyuko.net/images/onsen/onsen_0147_0001.jpg
"温海温泉,あつみ温泉（あつみ）",https://static.yukoyuko.net/images/onsen/onsen_0706_0001.jpg
小野川温泉（おのがわ）,https://static.yukoyuko.net/images/onsen/onsen_0718_0001.jpg
赤湯温泉（あかゆ）,https://static.yukoyuko.net/images/onsen/onsen_0705_0001.jpg
肘折温泉（ひじおり）,https://static.yukoyuko.net/images/onsen/onsen_1083_0001.jpg
さくらんぼ東根温泉（さくらんぼひがしね）,https://static.yukoyuko.net/images/onsen/onsen_0059_0001.jpg
銀山温泉（ぎんざん）,https://static.yukoyuko.net/images/onsen/onsen_0709_0001.jpg
瀬見温泉（せみ）,https://static.yukoyuko.net/images/onsen/onsen_0715_0001.jpg
由良温泉（ゆら）,https://static.yukoyuko.net/images/onsen/onsen_1580_0001.jpg
柳川温泉（やながわ）,https://static.yukoyuko.net/images/onsen/onsen_1033_0001.jpg
鳥海温泉（ちょうかい）,https://static.yukoyuko.net/images/onsen/onsen_1147_0001.jpg
碁点温泉（ごてん）,https://static.yukoyuko.net/images/onsen/onsen_1301_0001.jpg
神室温泉（かむろ）,https://static.yukoyuko.net/images/onsen/onsen_1619_0001.jpg
黒沢温泉（くろさわ）,https://static.yukoyuko.net/images/onsen/onsen_1642_0001.jpg
滑川温泉（なめかわ）,https://static.yukoyuko.net/images/onsen/onsen_1811_0001.jpg
白布温泉（しらぶ）,https://static.yukoyuko.net/images/onsen/onsen_0712_0001.jpg
湯田川温泉（ゆだがわ）,https://static.yukoyuko.net/images/onsen/onsen_0854_0001.jpg
大堀温泉（おおほり）,https://static.yukoyuko.net/images/onsen/onsen_1185_0001.jpg
がまの湯温泉（がまのゆ）,https://static.yukoyuko.net/images/onsen/onsen_1706_0001.jpg
左沢温泉（あてらさわ）,https://static.yukoyuko.net/images/onsen/onsen_2263_0001.jpg
泡の湯温泉（あわのゆ）,https://static.yukoyuko.net/images/onsen/onsen_2264_0001.jpg
飯田温泉（いいだ）,https://static.yukoyuko.net/images/onsen/onsen_2265_0001.jpg
飯森山温泉（いいもりやま）,https://static.yukoyuko.net/images/onsen/onsen_2266_0001.jpg
白川温泉（山形）（しらかわ）,https://static.yukoyuko.net/images/onsen/onsen_2267_0001.jpg
辰ケ湯温泉（たつがゆ）,https://static.yukoyuko.net/images/onsen/onsen_2268_0001.jpg
大野目温泉（だいのめ）,https://static.yukoyuko.net/images/onsen/onsen_2269_0001.jpg
