宮浜温泉（みやはま）,https://static.yukoyuko.net/images/onsen/onsen_0616_0001.jpg
鞆の浦温泉（とものうら）,https://static.yukoyuko.net/images/onsen/onsen_0906_0001.jpg
広島温泉（ひろしま）,https://static.yukoyuko.net/images/onsen/onsen_1200_0001.jpg
きのえ温泉（きのえ）,https://static.yukoyuko.net/images/onsen/onsen_1260_0001.jpg
龍温泉（りゅう）,https://static.yukoyuko.net/images/onsen/onsen_1285_0001.jpg
女鹿平温泉（めがひら）,https://static.yukoyuko.net/images/onsen/onsen_1437_0001.jpg
湯来温泉（ゆき）,https://static.yukoyuko.net/images/onsen/onsen_1659_0001.jpg
温井温泉（ぬくい）,https://static.yukoyuko.net/images/onsen/onsen_1144_0001.jpg
みはらし温泉（みはらし）,https://static.yukoyuko.net/images/onsen/onsen_1236_0001.jpg
君田温泉（きみた）,https://static.yukoyuko.net/images/onsen/onsen_1513_0001.jpg
庄原さくら温泉（しょうばらさくら）,https://static.yukoyuko.net/images/onsen/onsen_1680_0001.jpg
