西浦温泉（にしうら）,https://static.yukoyuko.net/images/onsen/onsen_0108_0001.jpg
三谷温泉（みや）,https://static.yukoyuko.net/images/onsen/onsen_0132_0001.jpg
南知多温泉郷（みなみちた）,https://static.yukoyuko.net/images/onsen/onsen_0136_0001.jpg
吉良温泉（きら）,https://static.yukoyuko.net/images/onsen/onsen_0051_0001.jpg
内海温泉（うつみ）,https://static.yukoyuko.net/images/onsen/onsen_1482_0001.jpg
湯谷温泉（ゆや）,https://static.yukoyuko.net/images/onsen/onsen_0201_0001.jpg
蒲郡温泉（がまごおり）,https://static.yukoyuko.net/images/onsen/onsen_1237_0001.jpg
形原温泉（かたはら）,https://static.yukoyuko.net/images/onsen/onsen_0037_0001.jpg
南知多山海温泉（みなみちたやまみ）,https://static.yukoyuko.net/images/onsen/onsen_0187_0001.jpg
犬山温泉（いぬやま）,https://static.yukoyuko.net/images/onsen/onsen_0135_0001.jpg
猿投温泉（さなげ）,https://static.yukoyuko.net/images/onsen/onsen_1002_0001.jpg
奥矢作峡笹戸温泉（おくやはぎきょうささと）,https://static.yukoyuko.net/images/onsen/onsen_1230_0001.jpg
