越後湯沢温泉（えちごゆざわ）,https://static.yukoyuko.net/images/onsen/onsen_0029_0001.jpg
岩室温泉（いわむろ）,https://static.yukoyuko.net/images/onsen/onsen_0570_0001.jpg
月岡温泉（つきおか）,https://static.yukoyuko.net/images/onsen/onsen_0589_0001.jpg
瀬波温泉（せなみ）,https://static.yukoyuko.net/images/onsen/onsen_0586_0001.jpg
六日町温泉（むいかまち）,https://static.yukoyuko.net/images/onsen/onsen_0599_0001.jpg
鵜の浜温泉（うのはま）,https://static.yukoyuko.net/images/onsen/onsen_0857_0001.jpg
湯田上温泉（ゆだがみ）,https://static.yukoyuko.net/images/onsen/onsen_0605_0001.jpg
大湯温泉（おおゆ）,https://static.yukoyuko.net/images/onsen/onsen_0772_0001.jpg
赤倉温泉（あかくら）,https://static.yukoyuko.net/images/onsen/onsen_0002_0001.jpg
咲花温泉（さきはな）,https://static.yukoyuko.net/images/onsen/onsen_0581_0001.jpg
津南温泉（つなん）,https://static.yukoyuko.net/images/onsen/onsen_0835_0001.jpg
佐渡島椎崎温泉（さどがしましいざき）,https://static.yukoyuko.net/images/onsen/onsen_0060_0001.jpg
妙高高原池の平温泉（みょうこうこうげんいけのたいら）,https://static.yukoyuko.net/images/onsen/onsen_0138_0001.jpg
奥只見折立温泉（おくただみおりたて）,https://static.yukoyuko.net/images/onsen/onsen_0573_0001.jpg
雲母温泉（きら）,https://static.yukoyuko.net/images/onsen/onsen_0578_0001.jpg
弥彦温泉（やひこ）,https://static.yukoyuko.net/images/onsen/onsen_0602_0001.jpg
当間高原温泉（あてまこうげん）,https://static.yukoyuko.net/images/onsen/onsen_0771_0001.jpg
越後中里温泉（えちごなかざと）,https://static.yukoyuko.net/images/onsen/onsen_0869_0001.jpg
佐渡加茂湖温泉（さどかもこ）,https://static.yukoyuko.net/images/onsen/onsen_0898_0001.jpg
姫川温泉（ひめかわ）,https://static.yukoyuko.net/images/onsen/onsen_0996_0001.jpg
畔地温泉（あぜち）,https://static.yukoyuko.net/images/onsen/onsen_1064_0001.jpg
今板温泉（五頭温泉郷）（いまいた（ごず））,https://static.yukoyuko.net/images/onsen/onsen_1115_0001.jpg
笹倉温泉（ささくら）,https://static.yukoyuko.net/images/onsen/onsen_1129_0001.jpg
ハツカ石温泉（はつかいし）,https://static.yukoyuko.net/images/onsen/onsen_1167_0001.jpg
聖籠温泉（せいろう）,https://static.yukoyuko.net/images/onsen/onsen_1203_0001.jpg
舞子温泉（まいこ）,https://static.yukoyuko.net/images/onsen/onsen_1438_0001.jpg
御神楽温泉（みかぐら）,https://static.yukoyuko.net/images/onsen/onsen_1599_0001.jpg
寺泊岬温泉（てらどまりみさき）,https://static.yukoyuko.net/images/onsen/onsen_1707_0001.jpg
新胎内温泉（しんたいない）,https://static.yukoyuko.net/images/onsen/onsen_2231_0001.jpg
妙高高原燕温泉（みょうこうこうげんつばめ）,https://static.yukoyuko.net/images/onsen/onsen_0139_0001.jpg
麒麟山温泉（きりんざん）,https://static.yukoyuko.net/images/onsen/onsen_0579_0001.jpg
高瀬温泉（たかせ）,https://static.yukoyuko.net/images/onsen/onsen_0587_0001.jpg
角神温泉（つのがみ）,https://static.yukoyuko.net/images/onsen/onsen_0591_0001.jpg
松之山温泉（まつのやま）,https://static.yukoyuko.net/images/onsen/onsen_0598_0001.jpg
苗場三国峠温泉（なえばみくにとうげ）,https://static.yukoyuko.net/images/onsen/onsen_0773_0001.jpg
入広瀬ニュー浅草岳温泉（いりひろせにゅーあさくさだけ）,https://static.yukoyuko.net/images/onsen/onsen_0850_0001.jpg
まつだい芝峠温泉（まつだいしばとうげ）,https://static.yukoyuko.net/images/onsen/onsen_0944_0001.jpg
妙高温泉（みょうこう）,https://static.yukoyuko.net/images/onsen/onsen_1098_0001.jpg
大沢山温泉（おおさわやま）,https://static.yukoyuko.net/images/onsen/onsen_1188_0001.jpg
三川温泉（みかわ）,https://static.yukoyuko.net/images/onsen/onsen_1443_0001.jpg
上越・安塚雪だるま温泉（じょうえつ・やすづかゆきだるま）,https://static.yukoyuko.net/images/onsen/onsen_1458_0001.jpg
神の宮温泉（かみのみや）,https://static.yukoyuko.net/images/onsen/onsen_1487_0001.jpg
五十沢温泉（いかざわ）,https://static.yukoyuko.net/images/onsen/onsen_1511_0001.jpg
鯨波松島温泉（くじらなみまつしま）,https://static.yukoyuko.net/images/onsen/onsen_1550_0001.jpg
大佐渡温泉（おおさど）,https://static.yukoyuko.net/images/onsen/onsen_1584_0001.jpg
寺泊温泉（てらどまり）,https://static.yukoyuko.net/images/onsen/onsen_1629_0001.jpg
神湯温泉（かみゆ）,https://static.yukoyuko.net/images/onsen/onsen_1725_0001.jpg
貝掛温泉（かいかけ）,https://static.yukoyuko.net/images/onsen/onsen_2053_0001.jpg
広田温泉（ひろた）,https://static.yukoyuko.net/images/onsen/onsen_2197_0001.jpg
