鬼怒川温泉（きぬがわ）,https://static.yukoyuko.net/images/onsen/onsen_0049_0001.jpg
塩原温泉（しおばら）,https://static.yukoyuko.net/images/onsen/onsen_0063_0001.jpg
那須温泉（なす）,https://static.yukoyuko.net/images/onsen/onsen_0103_0001.jpg
日光温泉（にっこう）,https://static.yukoyuko.net/images/onsen/onsen_0185_0001.jpg
湯西川温泉（ゆにしがわ）,https://static.yukoyuko.net/images/onsen/onsen_0500_0001.jpg
川治温泉（かわじ）,https://static.yukoyuko.net/images/onsen/onsen_0045_0001.jpg
中禅寺温泉（ちゅうぜんじ）,https://static.yukoyuko.net/images/onsen/onsen_0091_0001.jpg
奥日光湯元温泉（おくにっこうゆもと）,https://static.yukoyuko.net/images/onsen/onsen_0183_0001.jpg
喜連川温泉（きつれがわ）,https://static.yukoyuko.net/images/onsen/onsen_1249_0001.jpg
奥塩原新湯温泉（おくしおばらあらゆ）,https://static.yukoyuko.net/images/onsen/onsen_0800_0001.jpg
益子温泉（ましこ）,https://static.yukoyuko.net/images/onsen/onsen_0174_0001.jpg
板室温泉（いたむろ）,https://static.yukoyuko.net/images/onsen/onsen_0490_0001.jpg
奥鬼怒温泉郷（おくきぬ）,https://static.yukoyuko.net/images/onsen/onsen_0492_0001.jpg
光徳温泉（こうとく）,https://static.yukoyuko.net/images/onsen/onsen_0494_0001.jpg
馬頭温泉（ばとう）,https://static.yukoyuko.net/images/onsen/onsen_0778_0001.jpg
黒磯温泉（くろいそ）,https://static.yukoyuko.net/images/onsen/onsen_1702_0001.jpg
那須湯本温泉（なすゆもと）,https://static.yukoyuko.net/images/onsen/onsen_0104_0001.jpg
栗山温泉（くりやま）,https://static.yukoyuko.net/images/onsen/onsen_1252_0001.jpg
井頭温泉（いがしら）,https://static.yukoyuko.net/images/onsen/onsen_1448_0001.jpg
小砂温泉（こいさご）,https://static.yukoyuko.net/images/onsen/onsen_1816_0001.jpg
北温泉（きた）,https://static.yukoyuko.net/images/onsen/onsen_1891_0001.jpg
芦野温泉（あしの）,https://static.yukoyuko.net/images/onsen/onsen_2052_0001.jpg
