山鹿温泉（やまが）,https://static.yukoyuko.net/images/onsen/onsen_0142_0001.jpg
黒川温泉（くろかわ）,https://static.yukoyuko.net/images/onsen/onsen_0378_0001.jpg
阿蘇温泉（あそ）,https://static.yukoyuko.net/images/onsen/onsen_1468_0001.jpg
玉名温泉（たまな）,https://static.yukoyuko.net/images/onsen/onsen_0380_0001.jpg
松島温泉（まつしま）,https://static.yukoyuko.net/images/onsen/onsen_1109_0001.jpg
天草下田温泉（あまくさしもだ）,https://static.yukoyuko.net/images/onsen/onsen_0374_0001.jpg
杖立温泉（つえだて）,https://static.yukoyuko.net/images/onsen/onsen_0381_0001.jpg
人吉温泉（ひとよし）,https://static.yukoyuko.net/images/onsen/onsen_0382_0001.jpg
平山温泉（ひらやま）,https://static.yukoyuko.net/images/onsen/onsen_1035_0001.jpg
阿蘇内牧温泉（あそうちのまき）,https://static.yukoyuko.net/images/onsen/onsen_0373_0001.jpg
菊池温泉（きくち）,https://static.yukoyuko.net/images/onsen/onsen_0377_0001.jpg
湯の児温泉（ゆのこ）,https://static.yukoyuko.net/images/onsen/onsen_0810_0001.jpg
はげの湯温泉（はげのゆ）,https://static.yukoyuko.net/images/onsen/onsen_1960_0001.jpg
赤水温泉（あかみず）,https://static.yukoyuko.net/images/onsen/onsen_0003_0001.jpg
セキアヒルズ温泉（せきあひるず）,https://static.yukoyuko.net/images/onsen/onsen_0189_0001.jpg
菊南温泉（きくなん）,https://static.yukoyuko.net/images/onsen/onsen_0196_0001.jpg
植木温泉（うえき）,https://static.yukoyuko.net/images/onsen/onsen_0375_0001.jpg
小天温泉（おあま）,https://static.yukoyuko.net/images/onsen/onsen_0376_0001.jpg
日奈久温泉（ひなぐ）,https://static.yukoyuko.net/images/onsen/onsen_0383_0001.jpg
湯の鶴温泉（ゆのつる）,https://static.yukoyuko.net/images/onsen/onsen_0385_0001.jpg
小田温泉（おだ）,https://static.yukoyuko.net/images/onsen/onsen_0892_0001.jpg
山川温泉（やまかわ）,https://static.yukoyuko.net/images/onsen/onsen_0907_0001.jpg
阿蘇白水温泉（あそはくすい）,https://static.yukoyuko.net/images/onsen/onsen_1118_0001.jpg
菊池渓谷温泉（きくちけいこく）,https://static.yukoyuko.net/images/onsen/onsen_1132_0001.jpg
天草松島温泉（あまくさまつしま）,https://static.yukoyuko.net/images/onsen/onsen_1247_0001.jpg
天草温泉（あまくさ）,https://static.yukoyuko.net/images/onsen/onsen_1266_0001.jpg
天草柳港温泉（あまくさやなぎこう）,https://static.yukoyuko.net/images/onsen/onsen_1287_0001.jpg
天草パール温泉（あまくさぱーる）,https://static.yukoyuko.net/images/onsen/onsen_1610_0001.jpg
麻生釣温泉（阿蘇鶴温泉）（あそづる）,https://static.yukoyuko.net/images/onsen/onsen_1962_0001.jpg
仙酔峡温泉（せんすいきょう）,https://static.yukoyuko.net/images/onsen/onsen_2138_0001.jpg
湯浦温泉（ゆのうら）,https://static.yukoyuko.net/images/onsen/onsen_0384_0001.jpg
湯山温泉（ゆやま）,https://static.yukoyuko.net/images/onsen/onsen_0386_0001.jpg
荒尾温泉（あらお）,https://static.yukoyuko.net/images/onsen/onsen_0859_0001.jpg
南小国温泉郷（みなみおぐに）,https://static.yukoyuko.net/images/onsen/onsen_1036_0001.jpg
田の原温泉（たのはら）,https://static.yukoyuko.net/images/onsen/onsen_1110_0001.jpg
満願寺温泉（まんがんじ）,https://static.yukoyuko.net/images/onsen/onsen_1111_0001.jpg
吉尾温泉（よしお）,https://static.yukoyuko.net/images/onsen/onsen_1133_0001.jpg
南阿蘇栃木温泉（みなみあそとちのき）,https://static.yukoyuko.net/images/onsen/onsen_1221_0001.jpg
阿蘇火の山温泉（あそひのやま）,https://static.yukoyuko.net/images/onsen/onsen_1444_0001.jpg
天草苓北町麟泉の湯（あまくされいほくまちりんせんのゆ）,https://static.yukoyuko.net/images/onsen/onsen_1507_0001.jpg
南阿蘇俵山温泉（阿蘇温泉郷）（みなみあそたわらやま（あそ））,https://static.yukoyuko.net/images/onsen/onsen_1560_0001.jpg
南阿蘇温泉（阿蘇温泉郷）（みなみあそ（あそ））,https://static.yukoyuko.net/images/onsen/onsen_1566_0001.jpg
地獄温泉（じごく）,https://static.yukoyuko.net/images/onsen/onsen_1604_0001.jpg
阿蘇高森温泉（阿蘇温泉郷）（あそたかもり（あそ））,https://static.yukoyuko.net/images/onsen/onsen_1625_0001.jpg
城南温泉（じょうなん）,https://static.yukoyuko.net/images/onsen/onsen_1691_0001.jpg
白川温泉（しらかわ）,https://static.yukoyuko.net/images/onsen/onsen_1733_0001.jpg
浜の湯温泉（はまのゆ）,https://static.yukoyuko.net/images/onsen/onsen_1748_0001.jpg
白金温泉黄金の湯（しろかねこがねのゆ）,https://static.yukoyuko.net/images/onsen/onsen_1813_0001.jpg
滝の上温泉（たきのうえ）,https://static.yukoyuko.net/images/onsen/onsen_1830_0001.jpg
天草弓ヶ浜温泉（あまくさゆみがはま）,https://static.yukoyuko.net/images/onsen/onsen_1842_0001.jpg
岳の湯温泉（熊本県）（たけのゆ）,https://static.yukoyuko.net/images/common/no-image.jpg
地獄谷温泉（熊本県）（じごくだに）,https://static.yukoyuko.net/images/onsen/onsen_1961_0001.jpg
鈴ヶ谷温泉（すずがたに）,https://static.yukoyuko.net/images/onsen/onsen_1963_0001.jpg
垂玉温泉（たるたま）,https://static.yukoyuko.net/images/onsen/onsen_1964_0001.jpg
湯の谷温泉（ゆのたに）,https://static.yukoyuko.net/images/onsen/onsen_1965_0001.jpg
守護陣温泉（しゅごじん）,https://static.yukoyuko.net/images/onsen/onsen_1980_0001.jpg
みやばる温泉（みやばる）,https://static.yukoyuko.net/images/onsen/onsen_1981_0001.jpg
わいた温泉郷（わいた）,https://static.yukoyuko.net/images/onsen/onsen_1991_0001.jpg
赤瀬温泉（あかせ）,https://static.yukoyuko.net/images/onsen/onsen_2123_0001.jpg
一勝地温泉（いっちょうち）,https://static.yukoyuko.net/images/onsen/onsen_2124_0001.jpg
産山温泉（うぶやま）,https://static.yukoyuko.net/images/onsen/onsen_2125_0001.jpg
扇温泉（おうぎ）,https://static.yukoyuko.net/images/onsen/onsen_2126_0001.jpg
御湯船温泉（おゆぶね）,https://static.yukoyuko.net/images/onsen/onsen_2127_0001.jpg
金桁温泉（かなけた）,https://static.yukoyuko.net/images/onsen/onsen_2128_0001.jpg
河内温泉（かわち）,https://static.yukoyuko.net/images/onsen/onsen_2130_0001.jpg
菊鹿温泉（きくか）,https://static.yukoyuko.net/images/onsen/onsen_2131_0001.jpg
熊入温泉（くまいり）,https://static.yukoyuko.net/images/onsen/onsen_2132_0001.jpg
合志温泉（こうし）,https://static.yukoyuko.net/images/onsen/onsen_2133_0001.jpg
久木野温泉（くぎの）,https://static.yukoyuko.net/images/onsen/onsen_2134_0001.jpg
七城温泉（しちじょう）,https://static.yukoyuko.net/images/onsen/onsen_2135_0001.jpg
託麻温泉（たくま）,https://static.yukoyuko.net/images/onsen/onsen_2139_0001.jpg
西合志温泉（にしごうし）,https://static.yukoyuko.net/images/onsen/onsen_2141_0001.jpg
計石温泉（はかりいし）,https://static.yukoyuko.net/images/onsen/onsen_2142_0001.jpg
本渡温泉（ほんど）,https://static.yukoyuko.net/images/onsen/onsen_2143_0001.jpg
坊中温泉（ぼうちゅう）,https://static.yukoyuko.net/images/onsen/onsen_2144_0001.jpg
湯前温泉（ゆのまえ）,https://static.yukoyuko.net/images/onsen/onsen_2145_0001.jpg
