山代温泉（加賀温泉郷）（やましろ（かが））,https://static.yukoyuko.net/images/onsen/onsen_0143_0001.jpg
片山津温泉（加賀温泉郷）（かたやまづ（かが））,https://static.yukoyuko.net/images/onsen/onsen_0038_0001.jpg
山中温泉（加賀温泉郷）（やまなか（かが））,https://static.yukoyuko.net/images/onsen/onsen_0257_0001.jpg
粟津温泉（あわづ）,https://static.yukoyuko.net/images/onsen/onsen_0247_0001.jpg
辰口温泉（たつのくち）,https://static.yukoyuko.net/images/onsen/onsen_0251_0001.jpg
輪島温泉（わじま）,https://static.yukoyuko.net/images/onsen/onsen_1069_0001.jpg
和倉温泉（わくら）,https://static.yukoyuko.net/images/onsen/onsen_0151_0001.jpg
松任海浜温泉（まっとうかいひん）,https://static.yukoyuko.net/images/onsen/onsen_1640_0001.jpg
はまなす温泉（はまなす）,https://static.yukoyuko.net/images/onsen/onsen_1645_0001.jpg
湯涌温泉（ゆわく）,https://static.yukoyuko.net/images/onsen/onsen_0258_0001.jpg
志賀の郷温泉（しかのさと）,https://static.yukoyuko.net/images/onsen/onsen_0928_0001.jpg
一里野温泉（いちりの）,https://static.yukoyuko.net/images/onsen/onsen_0934_0001.jpg
白峰温泉（しらみね）,https://static.yukoyuko.net/images/onsen/onsen_1103_0001.jpg
千里浜やわらぎ温泉（ちりはまやわらぎ）,https://static.yukoyuko.net/images/onsen/onsen_1201_0001.jpg
ねぶた温泉（ねぶた）,https://static.yukoyuko.net/images/onsen/onsen_1555_0001.jpg
渤海温泉（ぼっかい）,https://static.yukoyuko.net/images/onsen/onsen_1559_0001.jpg
