湯河原温泉（ゆがわら）,https://static.yukoyuko.net/images/onsen/onsen_0144_0001.jpg
箱根強羅温泉（はこねごうら）,https://static.yukoyuko.net/images/onsen/onsen_0111_0001.jpg
箱根湯本温泉（はこねゆもと）,https://static.yukoyuko.net/images/onsen/onsen_0356_0001.jpg
箱根仙石原温泉（はこねせんごくばら）,https://static.yukoyuko.net/images/onsen/onsen_0112_0001.jpg
小涌谷温泉（こわきだに）,https://static.yukoyuko.net/images/onsen/onsen_0348_0001.jpg
箱根大平台温泉（はこねおおひらだい）,https://static.yukoyuko.net/images/onsen/onsen_0345_0001.jpg
箱根大涌谷温泉（はこねおおわくだに）,https://static.yukoyuko.net/images/onsen/onsen_0796_0001.jpg
西丹沢・中川温泉（にしたんざわ・なかがわ）,https://static.yukoyuko.net/images/onsen/onsen_0089_0001.jpg
元箱根温泉（もとはこね）,https://static.yukoyuko.net/images/onsen/onsen_1182_0001.jpg
芦ノ湖温泉（あしのこ）,https://static.yukoyuko.net/images/onsen/onsen_0340_0001.jpg
塔ノ沢温泉（とうのさわ）,https://static.yukoyuko.net/images/onsen/onsen_0353_0001.jpg
三浦マホロバ温泉（みうらまほろば）,https://static.yukoyuko.net/images/onsen/onsen_0130_0001.jpg
あつぎ飯山温泉（あつぎいいやま）,https://static.yukoyuko.net/images/onsen/onsen_0342_0001.jpg
仙石原姥子温泉（せんごくはらうばこ）,https://static.yukoyuko.net/images/onsen/onsen_0344_0001.jpg
七沢温泉（ななさわ）,https://static.yukoyuko.net/images/onsen/onsen_0354_0001.jpg
小田原温泉（おだわら）,https://static.yukoyuko.net/images/onsen/onsen_0767_0001.jpg
蛸川温泉（たこがわ）,https://static.yukoyuko.net/images/onsen/onsen_0819_0001.jpg
湯の花沢温泉（ゆのはなざわ）,https://static.yukoyuko.net/images/onsen/onsen_0878_0001.jpg
伊勢原温泉（いせはら）,https://static.yukoyuko.net/images/onsen/onsen_0343_0001.jpg
木賀温泉（きが）,https://static.yukoyuko.net/images/onsen/onsen_0346_0001.jpg
広沢寺温泉（こうたくじ）,https://static.yukoyuko.net/images/onsen/onsen_0347_0001.jpg
陣場ノ湯温泉（じんばのゆ）,https://static.yukoyuko.net/images/onsen/onsen_0349_0001.jpg
底倉温泉（そこくら）,https://static.yukoyuko.net/images/onsen/onsen_0350_0001.jpg
鶴巻温泉（つるまき）,https://static.yukoyuko.net/images/onsen/onsen_0351_0001.jpg
二ノ平温泉（にのたいら）,https://static.yukoyuko.net/images/onsen/onsen_0355_0001.jpg
宮城野温泉（みやぎの）,https://static.yukoyuko.net/images/onsen/onsen_0358_0001.jpg
宮ノ下温泉（みやのした）,https://static.yukoyuko.net/images/onsen/onsen_0359_0001.jpg
大磯温泉（おおいそ）,https://static.yukoyuko.net/images/onsen/onsen_0911_0001.jpg
箱根仙石原俵石温泉（はこねせんごくはらひょうせき）,https://static.yukoyuko.net/images/onsen/onsen_0917_0001.jpg
箱根芦ノ湯温泉（はこねあしのゆ）,https://static.yukoyuko.net/images/onsen/onsen_1600_0001.jpg
川崎有馬温泉（かわさきありま）,https://static.yukoyuko.net/images/onsen/onsen_1903_0001.jpg
新横浜温泉（しんよこはま）,https://static.yukoyuko.net/images/onsen/onsen_1904_0001.jpg
中里温泉（なかさと）,https://static.yukoyuko.net/images/onsen/onsen_1905_0001.jpg
衣笠温泉（きぬがさ）,https://static.yukoyuko.net/images/onsen/onsen_1906_0001.jpg
飯山温泉（いいやま）,https://static.yukoyuko.net/images/onsen/onsen_1907_0001.jpg
かぶと湯温泉（かぶとゆ）,https://static.yukoyuko.net/images/onsen/onsen_1908_0001.jpg
塩川鉱泉（しおかわこうせん）,https://static.yukoyuko.net/images/onsen/onsen_1909_0001.jpg
別所温泉（神奈川県）（べっしょ）,https://static.yukoyuko.net/images/onsen/onsen_1910_0001.jpg
湖尻温泉（こじり）,https://static.yukoyuko.net/images/onsen/onsen_1911_0001.jpg
早雲山温泉（そううんざん）,https://static.yukoyuko.net/images/onsen/onsen_1912_0001.jpg
根府川温泉（ねぶかわ）,https://static.yukoyuko.net/images/common/no-image.jpg
あしがらの温泉（あしがらの）,https://static.yukoyuko.net/images/onsen/onsen_1914_0001.jpg
