原鶴温泉（はらづる）,https://static.yukoyuko.net/images/onsen/onsen_0628_0001.jpg
筑後川温泉（ちくごがわ）,https://static.yukoyuko.net/images/onsen/onsen_0626_0001.jpg
二日市温泉（ふつかいち）,https://static.yukoyuko.net/images/onsen/onsen_0629_0001.jpg
玄海さつき温泉（げんかいさつき）,https://static.yukoyuko.net/images/onsen/onsen_0949_0001.jpg
黒木温泉（くろき）,https://static.yukoyuko.net/images/onsen/onsen_1153_0001.jpg
星野温泉（ほしの）,https://static.yukoyuko.net/images/onsen/onsen_1537_0001.jpg
薬王寺温泉（やくおうじ）,https://static.yukoyuko.net/images/onsen/onsen_0488_0001.jpg
八幡温泉（やはた）,https://static.yukoyuko.net/images/onsen/onsen_1165_0001.jpg
吉井温泉（よしい）,https://static.yukoyuko.net/images/onsen/onsen_0631_0001.jpg
八幡ひまわり温泉（やはたひまわり）,https://static.yukoyuko.net/images/onsen/onsen_0950_0001.jpg
脇田温泉（わきた）,https://static.yukoyuko.net/images/onsen/onsen_1032_0001.jpg
久山温泉（ひさやま）,https://static.yukoyuko.net/images/onsen/onsen_1541_0001.jpg
秋月温泉（あきづき）,https://static.yukoyuko.net/images/onsen/onsen_1611_0001.jpg
英彦山温泉（ひこさん）,https://static.yukoyuko.net/images/onsen/onsen_1992_0001.jpg
