戸倉上山田温泉（とぐらかみやまだ）,https://static.yukoyuko.net/images/onsen/onsen_0099_0001.jpg
昼神温泉（ひるがみ）,https://static.yukoyuko.net/images/onsen/onsen_0120_0001.jpg
蓼科温泉（たてしな）,https://static.yukoyuko.net/images/onsen/onsen_0993_0001.jpg
上諏訪温泉（諏訪湖温泉郷）（かみすわ（すわこ））,https://static.yukoyuko.net/images/onsen/onsen_0041_0001.jpg
浅間温泉（あさま）,https://static.yukoyuko.net/images/onsen/onsen_0005_0001.jpg
穂高温泉郷（ほだか）,https://static.yukoyuko.net/images/onsen/onsen_0557_0001.jpg
湯田中温泉（ゆだなか）,https://static.yukoyuko.net/images/onsen/onsen_0146_0001.jpg
大町温泉郷（おおまち）,https://static.yukoyuko.net/images/onsen/onsen_0078_0001.jpg
白馬姫川温泉（はくばひめかわ）,https://static.yukoyuko.net/images/onsen/onsen_0790_0001.jpg
渋温泉（しぶ）,https://static.yukoyuko.net/images/onsen/onsen_0068_0001.jpg
野沢温泉（のざわ）,https://static.yukoyuko.net/images/onsen/onsen_0109_0001.jpg
美ヶ原温泉（うつくしがはら）,https://static.yukoyuko.net/images/onsen/onsen_0177_0001.jpg
鹿教湯温泉（かけゆ）,https://static.yukoyuko.net/images/onsen/onsen_0064_0001.jpg
白馬八方温泉（はくばはっぽう）,https://static.yukoyuko.net/images/onsen/onsen_0110_0001.jpg
白骨温泉（しらほね）,https://static.yukoyuko.net/images/onsen/onsen_0548_0001.jpg
別所温泉（べっしょ）,https://static.yukoyuko.net/images/onsen/onsen_0555_0001.jpg
池の平温泉（いけのたいら）,https://static.yukoyuko.net/images/onsen/onsen_0568_0001.jpg
熊の湯ほたる温泉（くまのゆほたる）,https://static.yukoyuko.net/images/onsen/onsen_0759_0001.jpg
奥天竜不動温泉（オクテンリュウフドウ）,https://static.yukoyuko.net/images/onsen/onsen_0811_0001.jpg
早太郎温泉（はやたろう）,https://static.yukoyuko.net/images/onsen/onsen_0861_0001.jpg
下條温泉（しもじょう）,https://static.yukoyuko.net/images/onsen/onsen_1286_0001.jpg
春日温泉（かすが）,https://static.yukoyuko.net/images/onsen/onsen_1318_0001.jpg
乗鞍高原温泉（のりくらこうげん）,https://static.yukoyuko.net/images/onsen/onsen_1330_0001.jpg
下諏訪温泉諏訪湖温泉郷（しもすわ（すわこ））,https://static.yukoyuko.net/images/onsen/onsen_0547_0001.jpg
天龍峡温泉（てんりゅうきょう）,https://static.yukoyuko.net/images/onsen/onsen_0094_0001.jpg
熊の湯硯川温泉（くまのゆすずりかわ）,https://static.yukoyuko.net/images/onsen/onsen_0166_0001.jpg
木戸池温泉（きどいけ）,https://static.yukoyuko.net/images/onsen/onsen_0539_0001.jpg
松代温泉（まつしろ）,https://static.yukoyuko.net/images/onsen/onsen_0559_0001.jpg
山田温泉（やまだ）,https://static.yukoyuko.net/images/onsen/onsen_0563_0001.jpg
飯田城温泉（いいだじょう）,https://static.yukoyuko.net/images/onsen/onsen_0753_0001.jpg
久米川温泉（くめがわ）,https://static.yukoyuko.net/images/onsen/onsen_0807_0001.jpg
信州よませ温泉（しんしゅうよませ）,https://static.yukoyuko.net/images/onsen/onsen_0818_0001.jpg
上林温泉（かんばやし）,https://static.yukoyuko.net/images/onsen/onsen_0820_0001.jpg
天竜水神温泉（てんりゅうすいじん）,https://static.yukoyuko.net/images/onsen/onsen_0884_0001.jpg
南木曽温泉（なぎそ）,https://static.yukoyuko.net/images/onsen/onsen_0957_0001.jpg
志賀高原幕岩温泉（しがこうげんまくいわ）,https://static.yukoyuko.net/images/onsen/onsen_0968_0001.jpg
タングラム斑尾温泉（たんぐらむまだらお）,https://static.yukoyuko.net/images/onsen/onsen_1046_0001.jpg
木曽温泉（きそ）,https://static.yukoyuko.net/images/onsen/onsen_1198_0001.jpg
奥白馬温泉（おくはくば）,https://static.yukoyuko.net/images/onsen/onsen_1204_0001.jpg
月川温泉（つきかわ）,https://static.yukoyuko.net/images/onsen/onsen_1281_0001.jpg
裾花温泉（すそばな）,https://static.yukoyuko.net/images/onsen/onsen_1299_0001.jpg
たつの荒神山温泉（たつのこうじんやま）,https://static.yukoyuko.net/images/onsen/onsen_1333_0001.jpg
木曽御岳温泉（きそおんたけ）,https://static.yukoyuko.net/images/onsen/onsen_1462_0001.jpg
高遠温泉（たかとお）,https://static.yukoyuko.net/images/onsen/onsen_1469_0001.jpg
大町・籠川渓雲温泉（おおまちかごがわけいうん）,https://static.yukoyuko.net/images/onsen/onsen_1615_0001.jpg
白馬乗鞍温泉（はくばのりくら）,https://static.yukoyuko.net/images/onsen/onsen_1687_0001.jpg
佐久一萬里温泉（さくいちまんり）,https://static.yukoyuko.net/images/onsen/onsen_1701_0001.jpg
南木曽富貴畑高原温泉郷（なぎそふきばたこうげん）,https://static.yukoyuko.net/images/onsen/onsen_1704_0001.jpg
安曇野みさと温泉（あずみのみさとおんんせん）,https://static.yukoyuko.net/images/onsen/onsen_1715_0001.jpg
北八ヶ岳松原湖温泉（きたやつがたけまつばらこ）,https://static.yukoyuko.net/images/onsen/onsen_1716_0001.jpg
小布施温泉（おぶせ）,https://static.yukoyuko.net/images/onsen/onsen_1835_0001.jpg
星川温泉（ほしかわ）,https://static.yukoyuko.net/images/onsen/onsen_1952_0001.jpg
奥蓼科温泉郷（おくたてしな）,https://static.yukoyuko.net/images/onsen/onsen_0534_0001.jpg
七味温泉（しちみ）,https://static.yukoyuko.net/images/onsen/onsen_0545_0001.jpg
乗鞍温泉郷（のりくら）,https://static.yukoyuko.net/images/onsen/onsen_0752_0001.jpg
あずまや温泉（あずまや）,https://static.yukoyuko.net/images/onsen/onsen_0827_0001.jpg
天徳温泉（てんとく）,https://static.yukoyuko.net/images/onsen/onsen_1475_0001.jpg
信州まつかわ温泉（しんしゅうまつかわ）,https://static.yukoyuko.net/images/onsen/onsen_1494_0001.jpg
黒姫温泉（くろひめ）,https://static.yukoyuko.net/images/onsen/onsen_1519_0001.jpg
稲荷山温泉（いなりやま）,https://static.yukoyuko.net/images/onsen/onsen_1649_0001.jpg
姫木温泉（ひめき）,https://static.yukoyuko.net/images/onsen/onsen_1669_0001.jpg
信州いいじま温泉（しんしゅういいじま）,https://static.yukoyuko.net/images/onsen/onsen_1671_0001.jpg
蓼科三室温泉（たてしなみむろ）,https://static.yukoyuko.net/images/onsen/onsen_1814_0001.jpg
白馬龍神温泉（はくばりゅうじん）,https://static.yukoyuko.net/images/onsen/onsen_1820_0001.jpg
沓野温泉（くつの）,https://static.yukoyuko.net/images/onsen/onsen_1950_0001.jpg
新湯田中温泉（しんゆだなか）,https://static.yukoyuko.net/images/onsen/onsen_1951_0001.jpg
白馬かたくり温泉（はくばかたくり）,https://static.yukoyuko.net/images/onsen/onsen_1953_0001.jpg
蓼科温泉石遊の湯（たてしないしやすのゆ）,https://static.yukoyuko.net/images/onsen/onsen_2260_0001.jpg
