熱海温泉（あたみ）,https://static.yukoyuko.net/images/onsen/onsen_0008_0001.jpg
伊東温泉（いとう）,https://static.yukoyuko.net/images/onsen/onsen_0023_0001.jpg
伊豆高原温泉（いずこうげん）,https://static.yukoyuko.net/images/onsen/onsen_0860_0001.jpg
伊豆長岡温泉（いずながおか）,https://static.yukoyuko.net/images/onsen/onsen_0021_0001.jpg
熱川温泉（あたがわ）,https://static.yukoyuko.net/images/onsen/onsen_0009_0001.jpg
下田温泉（しもだ）,https://static.yukoyuko.net/images/onsen/onsen_0069_0001.jpg
土肥温泉（とい）,https://static.yukoyuko.net/images/onsen/onsen_0095_0001.jpg
天城湯ヶ島温泉（あまぎゆがしま）,https://static.yukoyuko.net/images/onsen/onsen_0013_0001.jpg
稲取温泉（いなとり）,https://static.yukoyuko.net/images/onsen/onsen_0024_0001.jpg
熱海伊豆山温泉（あたみいずさん）,https://static.yukoyuko.net/images/onsen/onsen_0441_0001.jpg
網代温泉（あじろ）,https://static.yukoyuko.net/images/onsen/onsen_0476_0001.jpg
浜名湖かんざんじ（舘山寺）温泉（はまなこかんざんじ）,https://static.yukoyuko.net/images/onsen/onsen_0048_0001.jpg
堂ヶ島温泉（どうがしま）,https://static.yukoyuko.net/images/onsen/onsen_0096_0001.jpg
修善寺温泉（しゅぜんじ）,https://static.yukoyuko.net/images/onsen/onsen_0071_0001.jpg
戸田温泉（へだ）,https://static.yukoyuko.net/images/onsen/onsen_0123_0001.jpg
松崎温泉（まつざき）,https://static.yukoyuko.net/images/onsen/onsen_0128_0001.jpg
弓ヶ浜温泉（ゆみがはま）,https://static.yukoyuko.net/images/onsen/onsen_0150_0001.jpg
梅ヶ島温泉（うめがしま）,https://static.yukoyuko.net/images/onsen/onsen_0445_0001.jpg
大川温泉（おおかわ）,https://static.yukoyuko.net/images/onsen/onsen_0446_0001.jpg
畑毛温泉（はたけ）,https://static.yukoyuko.net/images/onsen/onsen_0455_0001.jpg
北川温泉（ほっかわ）,https://static.yukoyuko.net/images/onsen/onsen_0458_0001.jpg
伊豆片瀬温泉（いずかたせ）,https://static.yukoyuko.net/images/onsen/onsen_0020_0001.jpg
大仁温泉（おおひと）,https://static.yukoyuko.net/images/onsen/onsen_0084_0001.jpg
赤沢温泉（あかざわ）,https://static.yukoyuko.net/images/onsen/onsen_0156_0001.jpg
三ケ日温泉（みっかび）,https://static.yukoyuko.net/images/onsen/onsen_0165_0001.jpg
今井浜温泉（いまいはま）,https://static.yukoyuko.net/images/onsen/onsen_0442_0001.jpg
下賀茂温泉（しもかも）,https://static.yukoyuko.net/images/onsen/onsen_0451_0001.jpg
焼津温泉（やいづ）,https://static.yukoyuko.net/images/onsen/onsen_1097_0001.jpg
河津・峰温泉（かわづ・みね）,https://static.yukoyuko.net/images/onsen/onsen_0046_0001.jpg
七滝温泉（河津温泉郷）（ななだる（かわづ））,https://static.yukoyuko.net/images/onsen/onsen_0047_0001.jpg
弁天島温泉（べんてんじま）,https://static.yukoyuko.net/images/onsen/onsen_0125_0001.jpg
下田蓮台寺温泉（しもだれんだいじ）,https://static.yukoyuko.net/images/onsen/onsen_0155_0001.jpg
天然中伊豆温泉（てんねんなかいず）,https://static.yukoyuko.net/images/onsen/onsen_0173_0001.jpg
伊豆白浜温泉（いずしらはま）,https://static.yukoyuko.net/images/onsen/onsen_0179_0001.jpg
大沢温泉（おおさわ）,https://static.yukoyuko.net/images/onsen/onsen_1065_0001.jpg
宇久須温泉（うぐす）,https://static.yukoyuko.net/images/onsen/onsen_0443_0001.jpg
宇佐美温泉（うさみ）,https://static.yukoyuko.net/images/onsen/onsen_0444_0001.jpg
雲見温泉（くもみ）,https://static.yukoyuko.net/images/onsen/onsen_0449_0001.jpg
雄踏温泉（ゆうとう）,https://static.yukoyuko.net/images/onsen/onsen_1192_0001.jpg
掛川つま恋温泉（かけがわつまごい）,https://static.yukoyuko.net/images/onsen/onsen_1776_0001.jpg
小室温泉（こむろ）,https://static.yukoyuko.net/images/onsen/onsen_1918_0001.jpg
八木沢温泉（やぎさわ）,https://static.yukoyuko.net/images/onsen/onsen_1929_0001.jpg
月の湯温泉（つきのゆ）,https://static.yukoyuko.net/images/onsen/onsen_1932_0001.jpg
御殿場乙女温泉乙女2号泉（ごてんばおとめおとめにごうせん）,https://static.yukoyuko.net/images/onsen/onsen_1935_0001.jpg
御殿場東田中温泉（ごてんばひがしたなか）,https://static.yukoyuko.net/images/onsen/onsen_1936_0001.jpg
川根温泉（かわね）,https://static.yukoyuko.net/images/onsen/onsen_1944_0001.jpg
法泉寺温泉（ほうせんじ）,https://static.yukoyuko.net/images/onsen/onsen_1949_0001.jpg
大滝温泉（河津温泉郷）（おおだる（かわづ））,https://static.yukoyuko.net/images/onsen/onsen_0011_0001.jpg
月ヶ瀬温泉（つきがせ）,https://static.yukoyuko.net/images/onsen/onsen_0012_0001.jpg
伊豆長岡温泉古奈（いずながおかこな）,https://static.yukoyuko.net/images/onsen/onsen_0022_0001.jpg
箱根峠温泉（はこねとうげ）,https://static.yukoyuko.net/images/onsen/onsen_0113_0001.jpg
河津浜温泉（かわづはま）,https://static.yukoyuko.net/images/onsen/onsen_0447_0001.jpg
河津温泉郷（かわづ）,https://static.yukoyuko.net/images/onsen/onsen_0448_0001.jpg
嵯峨沢温泉（さがさわ）,https://static.yukoyuko.net/images/onsen/onsen_0450_0001.jpg
白田温泉（しらた）,https://static.yukoyuko.net/images/onsen/onsen_0452_0001.jpg
寸又峡温泉（すまたきょう）,https://static.yukoyuko.net/images/onsen/onsen_0453_0001.jpg
接岨峡温泉（せっそきょう）,https://static.yukoyuko.net/images/onsen/onsen_0454_0001.jpg
湯ヶ野温泉（ゆがの）,https://static.yukoyuko.net/images/onsen/onsen_0459_0001.jpg
吉奈温泉（よしな）,https://static.yukoyuko.net/images/onsen/onsen_0460_0001.jpg
御殿場高原温泉（ごてんばこうげん）,https://static.yukoyuko.net/images/onsen/onsen_0769_0001.jpg
城ケ崎温泉（じょうがさき）,https://static.yukoyuko.net/images/onsen/onsen_0799_0001.jpg
南熱海網代山温泉（みなみあたみあじろやま）,https://static.yukoyuko.net/images/onsen/onsen_0805_0001.jpg
天城船原温泉（あまぎふなばら）,https://static.yukoyuko.net/images/onsen/onsen_0877_0001.jpg
三保はごろも温泉（みほはごろも）,https://static.yukoyuko.net/images/onsen/onsen_0910_0001.jpg
伊豆駒の湯温泉（いずこまのゆ）,https://static.yukoyuko.net/images/onsen/onsen_0940_0001.jpg
天城・持越温泉（あまぎ・もちこし）,https://static.yukoyuko.net/images/onsen/onsen_0953_0001.jpg
梅木温泉（うめき）,https://static.yukoyuko.net/images/onsen/onsen_0954_0001.jpg
浮山温泉（うきやま）,https://static.yukoyuko.net/images/onsen/onsen_0955_0001.jpg
谷津温泉（やつ）,https://static.yukoyuko.net/images/onsen/onsen_1136_0001.jpg
三津浜・湯の花温泉（みとはま・ゆのはな）,https://static.yukoyuko.net/images/onsen/onsen_1150_0001.jpg
青羽根温泉（あおはね）,https://static.yukoyuko.net/images/onsen/onsen_1151_0001.jpg
南伊豆・吉佐美温泉（みなみいず・きさみ）,https://static.yukoyuko.net/images/onsen/onsen_1265_0001.jpg
沼津温泉（ぬまづ）,https://static.yukoyuko.net/images/onsen/onsen_1308_0001.jpg
伊東市赤沢対島温泉（いとうしあかざわたじま）,https://static.yukoyuko.net/images/onsen/onsen_1526_0001.jpg
白岩温泉（しらいわ）,https://static.yukoyuko.net/images/onsen/onsen_1544_0001.jpg
高室山温泉（たかむろやま）,https://static.yukoyuko.net/images/onsen/onsen_1548_0001.jpg
浮島温泉（ふとう）,https://static.yukoyuko.net/images/onsen/onsen_1723_0001.jpg
小土肥温泉（おどい）,https://static.yukoyuko.net/images/onsen/onsen_1762_0001.jpg
桃沢温泉（ももさわ）,https://static.yukoyuko.net/images/onsen/onsen_1785_0001.jpg
倉真温泉（くらみ）,https://static.yukoyuko.net/images/onsen/onsen_1821_0001.jpg
大室温泉（おおむろ）,https://static.yukoyuko.net/images/onsen/onsen_1839_0001.jpg
泉（伊豆湯河原）温泉（いずみ（いずゆがわら））,https://static.yukoyuko.net/images/onsen/onsen_1915_0001.jpg
笹原温泉（河津）（ささはら（かわづ））,https://static.yukoyuko.net/images/onsen/onsen_1916_0001.jpg
南熱海（伊豆多賀）温泉（みなみあたみ（いずたが））,https://static.yukoyuko.net/images/onsen/onsen_1917_0001.jpg
観音温泉（かんのん）,https://static.yukoyuko.net/images/onsen/onsen_1919_0001.jpg
田牛温泉（とうじ）,https://static.yukoyuko.net/images/onsen/onsen_1920_0001.jpg
横川温泉（静岡県）（よこかわ）,https://static.yukoyuko.net/images/onsen/onsen_1921_0001.jpg
石部温泉（いしぶ）,https://static.yukoyuko.net/images/onsen/onsen_1922_0001.jpg
岩地温泉（いわち）,https://static.yukoyuko.net/images/onsen/onsen_1923_0001.jpg
桜田温泉（さくらだ）,https://static.yukoyuko.net/images/onsen/onsen_1924_0001.jpg
禰宜ノ畑温泉（ねぎのはた）,https://static.yukoyuko.net/images/onsen/onsen_1925_0001.jpg
駒の湯温泉（静岡県）（こまのゆ）,https://static.yukoyuko.net/images/onsen/onsen_1926_0001.jpg
韮山温泉（にらやま）,https://static.yukoyuko.net/images/onsen/onsen_1927_0001.jpg
冷川温泉（ひえかわ）,https://static.yukoyuko.net/images/onsen/onsen_1928_0001.jpg
原保温泉（わらぼ）,https://static.yukoyuko.net/images/onsen/onsen_1930_0001.jpg
竹倉温泉（たけくら）,https://static.yukoyuko.net/images/onsen/onsen_1931_0001.jpg
稲子川温泉（いなごかわ）,https://static.yukoyuko.net/images/onsen/onsen_1933_0001.jpg
瓜島温泉（うりじま）,https://static.yukoyuko.net/images/onsen/onsen_1934_0001.jpg
富士田貫湖温泉（ふじたぬきこ）,https://static.yukoyuko.net/images/onsen/onsen_1937_0001.jpg
梅ヶ島新田温泉（うめがしましんでん）,https://static.yukoyuko.net/images/onsen/onsen_1938_0001.jpg
口坂本温泉（くちさかもと）,https://static.yukoyuko.net/images/onsen/onsen_1939_0001.jpg
梅ヶ島コンヤ温泉（うめがしまこんや）,https://static.yukoyuko.net/images/onsen/onsen_1940_0001.jpg
平山・北沼上温泉（ひらやま・きたぬまがみ）,https://static.yukoyuko.net/images/onsen/onsen_1941_0001.jpg
油山温泉（ゆやま）,https://static.yukoyuko.net/images/onsen/onsen_1942_0001.jpg
蓬来温泉（よもぎひら）,https://static.yukoyuko.net/images/onsen/onsen_1943_0001.jpg
千頭温泉（せんず）,https://static.yukoyuko.net/images/onsen/onsen_1945_0001.jpg
田代温泉（たしろ）,https://static.yukoyuko.net/images/onsen/onsen_1946_0001.jpg
新居浜温泉（静岡県）（あらいはま）,https://static.yukoyuko.net/images/onsen/onsen_1947_0001.jpg
志太温泉（しだ）,https://static.yukoyuko.net/images/onsen/onsen_1948_0001.jpg
