皆生温泉（かいけ）,https://static.yukoyuko.net/images/onsen/onsen_0133_0001.jpg
三朝温泉（みささ）,https://static.yukoyuko.net/images/onsen/onsen_0131_0001.jpg
浜村温泉（はまむら）,https://static.yukoyuko.net/images/onsen/onsen_0507_0001.jpg
岩井温泉（いわい）,https://static.yukoyuko.net/images/onsen/onsen_0502_0001.jpg
鹿野温泉（しかの）,https://static.yukoyuko.net/images/onsen/onsen_0503_0001.jpg
鳥取温泉（とっとり）,https://static.yukoyuko.net/images/onsen/onsen_0506_0001.jpg
はわい温泉（はわい）,https://static.yukoyuko.net/images/onsen/onsen_0508_0001.jpg
大山温泉（だいせん）,https://static.yukoyuko.net/images/onsen/onsen_0758_0001.jpg
湖山温泉（こやま）,https://static.yukoyuko.net/images/onsen/onsen_1202_0001.jpg
関金温泉（せきがね）,https://static.yukoyuko.net/images/onsen/onsen_0504_0001.jpg
霞の里温泉（かすみのさと）,https://static.yukoyuko.net/images/common/no-image.jpg
